time [s],425nm [mV],Channel 2-500nm [mV],Channel 3-610nm [mV]
0,2.024,2.241,5.445
20,2.024,2.263,5.565
40,2.537,7.486000000000001,39.396
60,2.63,9.613,85.02
80,2.6919999999999997,11.067,95.041
100,2.792,12.839,107.944
120,2.9560000000000004,14.790999999999999,122.52600000000001
140,3.102,16.961,137.935
160,3.176,18.935,149.333
180,3.262,20.916,159.304
200,3.2760000000000002,22.781,167.708
220,3.417,25.015,177.476
240,3.455,27.316,187.507
260,3.576,29.874000000000002,198.095
280,3.688,32.599000000000004,208.80900000000003
300,3.7960000000000003,35.715,220.66400000000002
320,3.955,38.977,232.83
340,4.129,42.787,247.09900000000002
360,4.261,46.748999999999995,260.742
380,4.382,50.75,273.767
400,4.673,55.013000000000005,287.85900000000004
420,4.787,59.295,300.10200000000003
440,5.016,63.725,312.58099999999996
460,5.26,68.514,325.737
480,5.5120000000000005,73.65,339.284
500,5.736000000000001,78.373,351.26
520,5.952999999999999,82.228,358.539
540,6.17,85.444,361.92900000000003
560,6.371,88.491,364.904
580,6.513999999999999,91.15899999999999,365.42699999999996
600,6.74,93.844,366.32099999999997
620,6.893,96.042,364.75699999999995
640,7.114,98.891,366.52099999999996
660,7.353,101.676,368.171
680,7.641,104.64,371.05800000000005
700,7.949,109.005,379.014
720,8.318,113.285,386.727
740,8.695,117.745,393.918
760,9.179,122.757,403.209
780,9.634,128.264,414.186
800,10.059,133.204,422.897
820,10.520999999999999,137.91299999999998,431.144
840,10.912,142.05,436.995
860,11.413,146.849,445.04400000000004
880,11.883,150.754,449.38300000000004
900,12.495999999999999,156.736,460.019
920,13.304,164.702,476.246
940,14.501,178.196,507.634
960,15.814,192.678,540.097
980,16.596,199.757,552.549
1000,16.687,198.25,541.3009999999999
1020,16.05,186.85299999999998,505.29699999999997
1040,14.305,162.606,435.94599999999997
1060,11.960999999999999,130.141,344.434
1080,9.73,99.292,257.099
1100,8.352,79.143,198.338
1120,7.875,70.696,171.628
1140,7.956,69.962,166.855
1160,8.132,71.182,168.231
1180,8.242,71.342,167.606
1200,8.521,73.485,171.835
1220,9.043,77.682,180.21099999999998
1240,9.871,84.896,194.826
1260,11.466,100.37899999999999,229.507
1280,14.102,125.65899999999999,286.264
1300,17.257,155.048,350.769
1320,19.908,179.472,403.202
1340,22.215999999999998,199.94299999999998,446.851
1360,23.584,211.627,471.134
1380,23.421999999999997,207.61,459.816
1400,22.516,196.261,431.099
1420,21.954,188.305,411.31
1440,22.151,187.07,405.858
1460,22.974,191.37099999999998,411.723
1480,24.531,201.755,430.934
1500,26.364,215.101,455.029
1520,28.682,231.769,486.43800000000005
1540,32.003,256.64099999999996,534.88
1560,36.035,287.313,595.0880000000001
1580,40.298,319.009,656.505
1600,43.18,338.74699999999996,693.181
1620,44.32899999999999,344.05,699.07
1640,43.571000000000005,333.834,673.3989999999999
1660,41.118,310.233,620.694
1680,38.407,284.469,562.711
1700,36.135,263.63599999999997,517.368
1720,35.138000000000005,252.433,491.469
1740,36.547,259.492,500.958
1760,39.325,275.395,527.341
1780,42.589,296.58799999999997,565.691
1800,46.527,322.177,612.013
1820,50.50899999999999,348.327,661.7330000000001
1840,55.497,380.36800000000005,720.258
1860,60.138999999999996,409.434,772.436
1880,63.25,428.3,806.413
1900,64.933,436.88800000000003,821.137
1920,66.867,446.05300000000005,835.898
1940,69.082,456.86,852.9110000000001
1960,70.813,464.23900000000003,862.768
1980,70.04,455.277,843.313
2000,67.859,436.435,804.3789999999999
2020,65.072,414.55,759.9780000000001
2040,61.556999999999995,387.60900000000004,706.4939999999999
2060,59.276,368.64,667.4810000000001
2080,57.027,350.173,629.4159999999999
2100,54.09,328.457,586.624
2120,50.211000000000006,301.185,534.568
2140,46.732,276.916,488.615
2160,43.674,255.342,447.11400000000003
2180,40.817,235.946,410.82599999999996
2200,38.321,219.333,380.249
2220,37.339,211.59900000000002,365.0
2240,36.495,204.558,351.31699999999995
2260,35.224000000000004,195.98,335.634
2280,32.604,180.63299999999998,310.228
2300,30.584,167.983,288.062
2320,30.31,164.669,280.843
2340,31.018,166.903,282.257
2360,32.458,173.123,290.601
2380,34.225,181.21,302.365
2400,36.18,190.055,314.877
2420,37.365,195.02900000000002,321.367
2440,37.451,194.335,319.231
2460,36.411,187.595,307.41200000000003
2480,34.95,178.47099999999998,291.47900000000004
2500,33.45,169.43,276.551
2520,31.691,159.554,260.591
2540,30.828000000000003,154.14700000000002,251.453
2560,32.079,158.994,257.60900000000004
2580,34.008,167.59900000000002,269.403
2600,35.26,172.706,276.077
2620,34.847,169.485,269.389
2640,32.891999999999996,158.386,251.04
2660,29.383000000000003,140.295,222.30599999999998
2680,26.320999999999998,124.414,196.614
2700,25.21,117.557,184.863
2720,24.767,114.713,179.56
2740,23.608,108.21799999999999,168.605
2760,21.415,96.803,150.707
2780,3.262,9.282,16.623
2800,3.138,7.718,12.629000000000001
2820,3.076,7.439,12.097000000000001
2840,3.049,7.215,11.685
2860,3.028,7.0520000000000005,11.360999999999999
2880,3.0469999999999997,6.938,11.12
2900,2.987,6.886,10.967
2920,2.98,6.8020000000000005,10.87
2940,2.995,6.7829999999999995,10.679
2960,2.985,6.697,10.505
2980,2.997,6.652,10.378
3000,2.9589999999999996,6.5760000000000005,10.270999999999999
3020,2.985,6.518,10.14
3040,2.98,6.452000000000001,10.052
3060,2.949,6.449,9.904
3080,2.9589999999999996,6.371,9.747
3100,2.935,6.235,9.552999
3120,2.904,6.13,9.347999999999999
3140,2.8989999999999996,6.077000000000001,9.227
3160,2.8939999999999997,6.096,9.141
3180,2.937,6.061,9.096
3200,2.911,6.056,8.996
3220,2.9130000000000003,5.996,8.95
3240,2.885,5.925,8.841000000000001
3260,2.928,5.872000000000001,8.786
3280,2.88,5.944,8.814
3300,2.9419999999999997,6.015,8.934
3320,2.949,6.1129999999999995,9.029
3340,2.9730000000000003,6.187,9.174
3360,2.995,6.194,9.224
3380,2.98,6.289,9.263
3400,3.016,6.33,9.339
3420,3.04,6.32,9.305
3440,3.011,6.22,9.127
3460,2.975,6.13,8.898
3480,2.987,5.968,8.764
3500,2.9539999999999997,5.946000000000001,8.612
3520,2.94,5.858,8.478
3540,2.9160000000000004,5.782,8.342
3560,2.93,5.702999999999999,8.218
3580,2.9019999999999997,5.638999999999999,8.118
3600,2.897,5.584,7.946000000000001
3620,2.8819999999999997,5.468999999999999,7.827000000000001
3640,2.8539999999999996,5.422000000000001,7.71
3660,2.8710000000000004,5.322,7.579
3680,2.863,5.287999999999999,7.422000000000001
3700,2.842,5.205,7.348
3720,2.835,5.169,7.255
3740,2.866,5.195,7.242999999999999
3760,2.89,5.229,7.334
3780,2.911,5.3260000000000005,7.412000000000001
3800,2.9539999999999997,5.46,7.646
3820,2.987,5.624,7.843999999999999
3840,3.035,5.81,8.123
3860,3.08,5.987,8.423
3880,3.145,6.23,8.817
3900,3.216,6.495,9.215
3920,3.3089999999999997,6.778,9.708
3940,3.366,7.069,10.142000000000001
3960,3.4589999999999996,7.391,10.75
3980,3.548,7.7989999999999995,11.339
4000,3.655,8.202,12.05
4020,3.7910000000000004,8.683,12.812999999999999
4040,3.917,9.17,13.652000000000001
4060,4.005,9.742,14.546
4080,4.17,10.369000000000002,15.626
4100,6.621,26.565,46.891999999999996
4120,26.436,93.584,131.576
4140,31.581,113.33200000000001,159.435
4160,39.096,140.92,197.41099999999997
4180,44.648999999999994,162.041,227.377
4200,51.36,187.187,263.448
4220,63.169,231.15599999999998,325.465
4240,76.919,282.54,397.735
4260,90.046,331.61400000000003,466.936
4280,99.387,366.416,516.701
4300,104.05799999999999,384.099,542.886
4320,102.78,379.64300000000003,538.08
4340,104.764,387.022,549.393
4360,102.365,376.31800000000004,533.4540000000001
4380,91.56200000000001,336.545,479.10699999999997
4400,86.68700000000001,317.54,452.566
4420,84.345,308.13,439.51300000000003
4440,84.898,309.975,442.414
4460,94.38799999999999,344.76800000000003,491.881
4480,119.95100000000001,438.144,621.822
4500,147.69799999999998,538.881,763.3330000000001
4520,134.518,491.07599999999996,698.0089999999999
4540,134.816,491.61199999999997,700.0139999999999
4560,161.791,589.888,839.0360000000001
4580,182.571,665.584,946.0210000000001
4600,187.833,683.408,971.427
4620,180.278,654.521,928.4019999999999
4640,179.21900000000002,648.9590000000001,919.6519999999999
4660,176.44400000000002,637.906,904.0310000000001
4680,183.66099999999997,663.345,940.5419999999999
4700,196.94799999999998,710.84,1007.438
4720,211.00799999999998,760.534,1074.944
4740,212.507,764.184,1080.596
4760,217.903,781.3739999999999,1103.826
4780,219.46400000000003,787.554,1113.944
4800,232.89700000000002,832.9060000000001,1175.499
4820,228.217,817.68,1156.275
4840,236.22299999999998,843.062,1192.315
4860,238.87400000000002,852.8919999999999,1204.982
4880,233.922,832.7080000000001,1174.695
4900,225.43900000000002,800.893,1130.4089999999999
4920,223.83900000000003,793.1210000000001,1114.879
4940,205.75,727.1030000000001,1022.263
4960,205.185,721.955,1012.263
4980,195.708,686.762,961.5419999999999
5000,186.43599999999998,653.691,915.503
5020,194.736,681.612,951.946
5040,186.667,651.14,909.209
5060,180.15599999999998,627.308,875.268
5080,165.765,573.533,796.819
5100,147.424,510.18699999999995,711.52
5120,159.378,547.812,758.467
5140,159.96200000000002,551.4119999999999,764.544
5160,175.405,603.313,836.88
5180,187.359,643.9830000000001,892.0880000000001
5200,180.97400000000002,621.526,861.173
5220,181.937,623.202,861.957
5240,190.125,648.83,894.79
5260,183.71599999999998,625.994,861.459
5280,177.085,599.153,821.502
5300,148.957,504.718,697.06
5320,137.608,467.05199999999996,645.869
5340,164.32299999999998,553.885,758.405
5360,167.09599999999998,562.785,770.221
5380,167.18099999999998,564.835,776.0169999999999
5400,181.935,611.644,836.916
5420,152.311,512.836,706.3580000000001
5440,135.865,457.315,631.278
5460,146.971,492.034,675.0060000000001
5480,157.533,527.053,721.681
5500,162.28,542.717,743.122
5520,144.649,483.358,663.97
5540,118.275,396.402,549.986
5560,148.804,497.921,686.865
5580,198.92,664.284,910.12
5600,205.386,685.6489999999999,939.9839999999999
5620,212.662,708.6160000000001,969.25
5640,227.72099999999998,759.78,1042.094
5660,261.04200000000003,870.118,1191.318
5680,251.825,838.9760000000001,1149.96
5700,254.102,844.488,1155.46
5720,249.007,828.1519999999999,1132.896
5740,240.602,797.3430000000001,1089.547
5760,238.671,789.459,1079.59
5780,235.90599999999998,778.5219999999999,1061.616
5800,216.73,713.842,972.002
5820,196.91,646.5269999999999,877.5419999999999
5840,185.521,607.8240000000001,825.183
5860,191.607,625.048,844.8889999999999
5880,181.65099999999998,592.2869999999999,800.388
5900,177.93400000000003,577.931,780.008
5920,182.805,595.5740000000001,807.6289999999999
5940,216.91099999999997,705.311,952.37
5960,220.072,716.283,968.68
5980,205.905,670.0060000000001,909.717
6000,216.155,703.5369999999999,955.5980000000001
6020,243.168,790.255,1069.2910000000002
6040,220.582,716.2760000000001,971.2360000000001
6060,203.102,660.205,897.217
6080,198.405,642.779,870.688
6100,195.403,628.719,847.015
6120,161.24200000000002,517.981,699.4580000000001
6140,157.18,506.885,687.113
6160,197.792,636.957,860.7389999999999
6180,188.503,606.344,820.413
6200,163.183,523.784,708.044
6220,138.69,445.411,605.4830000000001
6240,159.41899999999998,509.162,687.268
6260,179.067,572.345,770.993
6280,178.537,568.607,762.992
6300,149.183,474.62699999999995,637.86
6320,138.435,438.07,586.7769999999999
6340,120.351,382.149,516.1
6360,133.05700000000002,422.00800000000004,567.872
6380,171.25099999999998,540.819,721.1089999999999
6400,150.616,477.44800000000004,641.096
6420,143.049,451.481,605.681
6440,147.998,468.89099999999996,631.123
6460,163.555,517.313,694.53
6480,196.31599999999997,621.033,833.2560000000001
6500,246.332,781.395,1049.685
6520,250.175,794.163,1069.655
6540,239.141,757.523,1018.655
6560,316.644,1004.262,1351.435
6580,350.852,1115.274,1504.495
6600,356.908,1130.135,1520.3829999999998
6620,346.398,1095.49,1474.3470000000002
6640,349.452,1107.535,1490.3970000000002
6660,349.24300000000005,1104.512,1484.158
6680,361.736,1144.035,1531.954
6700,370.421,1165.855,1569.629
6720,369.72,1162.894,1555.9389999999999
6740,315.495,989.945,1321.473
6760,314.79400000000004,984.645,1313.398
6780,299.938,935.283,1241.86
6800,232.229,720.885,955.284
6820,275.98900000000003,855.248,1129.971
6840,289.302,896.933,1188.121
6860,284.173,882.885,1169.62
6880,282.08,872.462,1148.863
6900,294.485,909.793,1199.815
6920,315.65,977.8860000000001,1292.5
6940,361.01599999999996,1121.6760000000002,1489.286
6960,2.036,2.046,2.046
6980,404.58,1260.684,1686.9660000000001
7000,430.036,1337.354,1787.91
7020,449.524,1400.261,1873.62
7040,465.434,1449.263,1940.7060000000001
7060,479.31199999999995,1493.599,2002.6660000000002
7080,508.082,1582.1429999999998,2119.074
7100,497.344,1547.1670000000001,2078.3379999999997
7120,517.23,1607.4470000000001,2153.072
7140,493.352,1531.5720000000001,2048.5570000000002
7160,481.405,1492.856,1992.621
7180,490.05300000000005,1518.71,2028.005
7200,425.274,1310.103,1744.69
7220,433.059,1331.4720000000002,1771.779
7240,392.845,1204.851,1595.3020000000001
7260,333.92900000000003,1022.1510000000001,1351.7479999999998
7280,361.466,1105.809,1461.735
7300,316.47900000000004,964.303,1270.506
7320,299.253,912.073,1205.69
7340,338.75,1032.7939999999999,1362.135
7360,357.87300000000005,1089.263,1436.9579999999999
7380,326.965,994.077,1313.31
7400,412.51199999999994,1261.833,1679.89
7420,426.457,1303.036,1727.5520000000001
7440,310.805,946.2,1252.823
7460,352.88300000000004,1074.2069999999999,1420.9560000000001
7480,395.41,1205.862,1597.0870000000002
7500,401.654,1217.384,1605.1670000000001
7520,365.436,1107.414,1462.665
7540,379.86300000000006,1150.277,1511.872
7560,333.81699999999995,1007.6089999999999,1323.628
7580,493.784,1497.8929999999998,1985.0639999999999
7600,554.047,1685.019,2232.897
7620,590.405,1792.247,2372.0
7640,487.657,1470.1370000000002,1933.725
7660,406.454,1214.397,1590.116
7680,370.97900000000004,1108.42,1448.1760000000002
7700,571.318,1728.63,2283.092
7720,668.4780000000001,2030.32,2697.151
7740,687.0939999999999,2085.614,2760.913
7760,651.112,1962.006,2581.158
7780,461.476,1388.164,1821.856
7800,606.906,1816.704,2381.601
7820,474.37199999999996,1409.101,1822.906
7840,357.785,1075.678,1412.525
7860,705.721,2137.802,2829.442
7880,680.265,2056.646,2726.3070000000002
7900,670.1089999999999,2021.4679999999998,2674.9829999999997
7920,685.618,2071.3070000000002,2737.605
7940,688.3789999999999,2076.933,2750.509
7960,690.038,2078.345,2748.072
7980,690.956,2079.029,2754.1420000000003
8000,679.6619999999999,2047.963,2698.448
8020,668.795,2013.719,2656.2
8040,685.7280000000001,2059.229,2719.777
8060,686.238,2059.808,2721.3070000000002
8080,666.561,1996.963,2630.2929999999997
8100,661.2710000000001,1981.671,2608.705
8120,641.439,1920.9979999999998,2530.0570000000002
8140,650.9490000000001,1947.253,2566.562
8160,649.118,1937.1029999999998,2554.529
8180,616.136,1839.2679999999998,2423.871
8200,606.84,1810.596,2381.06
8220,531.712,1578.195,2061.262
8240,590.107,1757.0,2308.326
8260,568.571,1691.089,2228.751
8280,481.744,1426.745,1865.771
8300,571.315,1700.056,2232.056
8320,660.317,1969.3229999999999,2597.189
8340,668.225,1987.655,2624.605
8360,684.702,2037.184,2689.75
8380,650.125,1930.759,2539.899
8400,617.528,1827.979,2400.7889999999998
8420,669.158,1987.402,2611.625
8440,669.7460000000001,1987.376,2617.791
8460,691.7689999999999,2055.504,2710.4240000000004
8480,691.795,2055.798,2708.2940000000003
8500,689.745,2046.6989999999998,2693.25
8520,698.903,2075.174,2733.357
8540,707.555,2098.634,2764.8379999999997
8560,707.822,2100.458,2768.199
8580,704.069,2088.893,2751.93
8600,705.6619999999999,2093.344,2757.5440000000003
8620,703.9739999999999,2086.883,2750.857
8640,705.113,2090.144,2749.24
8660,702.941,2081.408,2740.6690000000003
8680,706.2819999999999,2089.6839999999997,2750.697
8700,699.2360000000001,2070.811,2725.127
8720,697.763,2066.853,2721.522
8740,694.8660000000001,2054.3,2701.342
8760,687.2769999999999,2029.095,2670.264
8780,695.3910000000001,2055.044,2698.7529999999997
8800,679.574,2004.025,2630.9390000000003
8820,699.916,2066.038,2720.1059999999998
8840,711.6460000000001,2100.494,2762.5440000000003
8860,707.207,2083.5229999999997,2739.639
8880,718.0089999999999,2117.155,2781.9970000000003
8900,715.466,2105.1910000000003,2766.387
8920,710.385,2085.683,2733.4429999999998
8940,705.9689999999999,2067.905,2707.0759999999996
8960,705.7189999999999,2065.7110000000002,2701.857
8980,711.16,2091.229,2730.6890000000003
9000,728.064,2129.681,2787.042
9020,721.3969999999999,2108.323,2758.675
9040,722.4939999999999,2111.394,2765.744
9060,715.005,2086.942,2738.335
9080,712.8480000000001,2086.558,2728.97
9100,695.3380000000001,2032.671,2662.692
9120,631.9119999999999,1842.8470000000002,2406.979
9140,655.5989999999999,1911.984,2505.515
9160,682.3989999999999,1986.694,2604.9970000000003
9180,658.677,1920.8139999999999,2512.331
9200,630.491,1828.28,2388.83
9220,594.337,1723.13,2239.625
9240,655.069,1906.505,2482.488
9260,681.579,1981.2820000000002,2585.402
9280,718.362,2094.915,2741.804
9300,708.5369999999999,2057.345,2689.211
9320,658.753,1909.759,2487.705
9340,658.658,1908.567,2487.9429999999998
9360,593.5790000000001,1715.66,2231.2070000000003
9380,472.434,1362.6889999999999,1764.6789999999999
9400,423.49300000000005,1225.4289999999999,1589.296
9420,486.12800000000004,1402.755,1824.808
9440,491.569,1417.568,1841.519
9460,457.68300000000005,1316.6429999999998,1710.608
9480,462.534,1329.634,1724.1979999999999
9500,397.151,1140.187,1479.707
9520,484.819,1393.4779999999998,1806.8339999999998
9540,488.224,1395.974,1801.846
9560,399.103,1144.254,1480.379
9580,378.11800000000005,1078.861,1391.6970000000001
9600,299.242,851.355,1095.8410000000001
9620,294.344,837.44,1077.0339999999999
9640,295.775,836.363,1071.372
9660,216.715,611.2669999999999,780.923
9680,201.602,565.085,719.02
9700,203.516,574.403,735.309
9720,283.79200000000003,802.8510000000001,1028.433
9740,294.909,834.072,1069.765
9760,348.358,984.201,1258.65
9780,328.39300000000003,929.217,1189.718
9800,311.017,878.279,1124.504
9820,334.566,947.2230000000001,1213.193
9840,385.287,1089.16,1395.9479999999999
9860,422.24199999999996,1195.712,1531.465
9880,358.231,1010.8689999999999,1298.077
9900,359.32099999999997,1013.1569999999999,1295.474
9920,306.351,864.298,1108.26
9940,385.108,1090.901,1402.4
9960,563.245,1605.318,2078.583
9980,442.18300000000005,1253.347,1613.743
10000,467.81300000000005,1323.256,1705.146
10020,575.69,1639.254,2118.7729999999997
10040,541.694,1537.764,1983.5420000000001
10060,492.85900000000004,1393.511,1787.925
10080,626.922,1783.037,2308.085
10100,616.775,1749.8110000000001,2258.124
10120,652.18,1856.74,2401.891
10140,720.9830000000001,2051.346,2659.998
10160,652.525,1850.1779999999999,2384.825
10180,536.678,1517.684,1956.756
10200,618.656,1750.207,2251.952
10220,540.957,1524.6270000000002,1954.1670000000001
10240,454.645,1276.67,1627.219
10260,430.57,1213.036,1551.3129999999999
10280,588.172,1666.4029999999998,2153.95
10300,506.12,1431.735,1850.114
10320,517.058,1466.2620000000002,1894.567
10340,551.414,1565.3629999999998,2025.2320000000002
10360,350.30800000000005,973.7589999999999,1232.657
10380,138.414,388.08099999999996,501.235
10400,408.58,1143.68,1457.3929999999998
10420,565.341,1599.35,2067.74
10440,400.69599999999997,1117.985,1418.273
10460,234.449,651.798,830.15
10480,243.88099999999997,674.4839999999999,850.966
10500,708.602,2011.924,2608.5589999999997
10520,564.8330000000001,1591.3629999999998,2050.24
10540,580.873,1640.148,2108.9120000000003
10560,677.435,1914.265,2476.721
10580,726.807,2057.047,2656.198
10600,718.298,2026.033,2619.865
10620,732.8919999999999,2070.577,2675.765
10640,726.686,2051.144,2649.002
10660,722.1339999999999,2037.6229999999998,2629.6209999999996
10680,731.916,2071.786,2666.447
10700,735.4860000000001,2076.323,2684.0690000000004
10720,739.1,2087.989,2699.509
10740,744.159,2100.186,2719.295
10760,749.9119999999999,2120.0589999999997,2748.218
10780,756.507,2138.462,2767.768
10800,768.054,2169.8089999999997,2802.563
10820,776.975,2190.688,2833.0040000000004
10840,785.153,2218.764,2866.015
10860,791.4019999999999,2237.527,2890.828
10880,796.3939999999999,2247.407,2905.1059999999998
10900,798.671,2250.094,2914.784
10920,801.177,2257.361,2919.595
10940,798.533,2253.525,2923.009
10960,802.4019999999999,2261.345,2918.8779999999997
10980,801.196,2258.239,2917.702
11000,796.335,2242.708,2902.672
11020,795.913,2236.254,2889.242
11040,789.7260000000001,2220.635,2867.033
11060,796.883,2249.589,2905.486
11080,789.373,2222.125,2877.417
11100,800.946,2248.342,2912.8720000000003
11120,801.888,2250.972,2910.8740000000003
11140,796.7310000000001,2240.417,2891.333
11160,797.8839999999999,2240.257,2893.145
11180,793.4739999999999,2228.742,2877.111
11200,798.91,2246.299,2895.737
11220,795.9889999999999,2234.3920000000003,2890.732
11240,795.078,2231.512,2878.821
11260,790.622,2219.589,2865.665
11280,786.238,2205.531,2845.454
11300,776.6339999999999,2175.131,2800.3909999999996
11320,771.6560000000001,2159.529,2779.098
11340,772.145,2167.95,2789.9770000000003
11360,755.2460000000001,2112.584,2718.0290000000005
11380,750.375,2099.929,2707.002
11400,750.887,2097.113,2700.8059999999996
11420,775.461,2168.379,2792.53
11440,772.9939999999999,2158.4320000000002,2780.8070000000002
11460,791.414,2211.952,2849.5640000000003
11480,801.375,2240.908,2877.009
11500,799.289,2232.251,2876.17
11520,787.845,2196.15,2829.905
11540,787.852,2199.786,2833.9120000000003
11560,784.385,2191.1839999999997,2824.8190000000004
11580,759.947,2118.306,2734.785
11600,776.465,2173.328,2799.065
11620,770.931,2155.1420000000003,2776.635
11640,725.8610000000001,2021.52,2594.2729999999997
11660,732.508,2039.475,2621.66
11680,746.1089999999999,2074.389,2668.111
11700,735.826,2045.2620000000002,2627.5040000000004
11720,710.3919999999999,1978.316,2542.374
11740,734.768,2038.1589999999999,2615.118
11760,729.2389999999999,2022.8120000000001,2595.799
11780,770.581,2140.045,2752.824
11800,790.4839999999999,2197.888,2826.045
11820,785.1239999999999,2181.521,2799.535
11840,774.66,2154.458,2768.655
11860,769.2460000000001,2137.394,2748.237
11880,750.535,2081.2870000000003,2671.835
11900,741.7769999999999,2061.279,2650.969
11920,733.495,2038.751,2615.776
11940,755.279,2095.151,2688.553
11960,750.289,2081.9120000000003,2671.158
11980,669.732,1850.1779999999999,2365.403
12000,733.123,2036.3020000000001,2613.001
12020,687.9830000000001,1903.3339999999998,2432.325
12040,726.4780000000001,2014.525,2582.605
12060,705.938,1956.618,2508.073
12080,751.023,2075.117,2661.6259999999997
12100,659.842,1822.76,2325.888
12120,651.724,1795.259,2293.0879999999997
12140,610.755,1682.296,2142.8579999999997
12160,581.534,1600.604,2041.161
12180,551.87,1518.9620000000002,1936.7910000000002
12200,481.55800000000005,1322.3,1681.399
12220,500.233,1368.0,1735.84
12240,394.88599999999997,1078.799,1365.457
12260,471.499,1293.8210000000001,1647.234
12280,318.334,870.125,1102.0919999999999
12300,569.9159999999999,1564.851,1990.411
12320,403.445,1100.4660000000001,1391.513
12340,443.101,1209.257,1531.014
12360,455.284,1244.8980000000001,1578.5810000000001
12380,477.338,1309.354,1667.3110000000001
12400,631.721,1732.786,2212.35
12420,572.972,1573.2879999999998,2004.652
12440,565.128,1550.326,1976.0539999999999
12460,473.402,1291.587,1636.896
12480,377.936,1028.323,1299.434
12500,400.09,1090.126,1380.42
12520,439.54400000000004,1202.0710000000001,1528.652
12540,504.289,1379.244,1752.5079999999998
12560,392.84,1067.441,1347.477
12580,442.314,1206.808,1531.236
12600,456.686,1249.506,1590.703
12620,515.394,1407.869,1795.626
12640,547.125,1497.96,1906.595
12660,530.131,1448.2620000000002,1844.74
12680,459.07300000000004,1252.267,1589.9160000000002
12700,446.904,1220.2169999999999,1550.734
12720,522.2130000000001,1423.4589999999998,1806.421
12740,398.629,1081.066,1365.454
12760,479.505,1304.777,1649.671
12780,530.312,1445.973,1837.7420000000002
12800,498.49300000000005,1355.422,1716.161
12820,501.707,1370.027,1742.399
12840,729.88,2004.693,2570.601
12860,646.889,1765.89,2244.251
12880,652.602,1787.1,2278.23
12900,614.922,1681.211,2140.136
12920,666.673,1825.547,2328.677
12940,547.225,1492.76,1894.126
12960,502.93199999999996,1365.037,1725.8529999999998
12980,461.69300000000004,1252.172,1583.366
13000,565.15,1539.776,1954.682
13020,519.872,1414.6229999999998,1791.246
13040,445.94300000000004,1207.249,1520.4479999999999
13060,596.23,1626.229,2067.175
13080,529.616,1441.4979999999998,1831.279
13100,430.155,1163.435,1468.5539999999999
13120,478.916,1302.855,1655.266
13140,593.665,1614.108,2047.8370000000002
13160,567.029,1537.967,1944.4389999999999
13180,612.528,1665.3370000000002,2109.21
13200,617.578,1682.8470000000002,2137.63
13220,569.975,1546.786,1960.721
13240,508.60400000000004,1374.993,1732.8139999999999
13260,433.04699999999997,1168.375,1472.8139999999999
13280,440.407,1187.542,1492.124
13300,346.329,930.398,1166.2169999999999
13320,345.135,920.93,1147.208
13340,218.668,582.008,724.7230000000001
13360,176.31799999999998,469.892,590.413
13380,398.233,1064.56,1325.87
13400,542.984,1466.754,1852.095
13420,704.591,1908.75,2412.982
13440,144.291,381.923,480.356
13460,129.173,344.98900000000003,437.908
13480,258.594,685.9830000000001,849.066
13500,618.908,1670.9920000000002,2111.456
13520,722.8760000000001,1969.4160000000002,2508.354
13540,668.933,1822.5620000000001,2324.917
13560,629.0319999999999,1699.514,2151.0029999999997
13580,705.65,1915.1229999999998,2432.127
13600,730.6460000000001,1981.733,2515.337
13620,805.9860000000001,2196.765,2804.1079999999997
13640,874.972,2389.808,3049.567
13660,853.128,2325.013,2965.4240000000004
13680,821.002,2232.175,2835.498
13700,839.2310000000001,2285.304,2913.6440000000002
13720,839.045,2292.657,2930.489
13740,849.607,2305.615,2952.542
13760,853.541,2321.665,2962.7059999999997
13780,819.998,2231.576,2831.035
13800,827.6489999999999,2249.439,2853.2340000000004
13820,872.0260000000001,2372.9629999999997,3024.7709999999997
13840,831.304,2267.594,2884.1690000000003
13860,852.363,2326.183,2961.585
13880,849.2589999999999,2304.6279999999997,2940.145
13900,873.592,2380.54,3025.842
13920,871.637,2368.674,3018.1259999999997
13940,866.041,2357.471,2992.761
13960,872.71,2371.511,3022.027
13980,869.508,2364.511,3016.007
14000,740.3710000000001,2008.369,2555.647
14020,764.3580000000001,2076.545,2650.2540000000004
14040,466.814,1259.5839999999998,1586.37
14060,413.31300000000005,1110.5439999999999,1395.621
14080,660.05,1786.358,2272.458
14100,806.422,2191.062,2797.8590000000004
14120,845.32,2300.632,2941.43
14140,884.294,2400.408,3062.422
14160,876.811,2380.865,3033.2709999999997
14180,885.916,2405.536,3069.844
14200,883.868,2404.144,3056.579
14220,886.0060000000001,2408.552,3054.7259999999997
14240,883.4580000000001,2396.44,3049.6290000000004
14260,881.6,2389.925,3040.1420000000003
14280,881.515,2391.8179999999998,3042.781
14300,884.2869999999999,2396.386,3049.2470000000003
14320,887.971,2405.97,3055.58
14340,884.0060000000001,2397.222,3055.105
14360,886.4639999999999,2398.026,3050.695
14380,886.793,2404.17,3051.684
14400,887.959,2403.369,3054.938
14420,887.332,2401.993,3048.73
14440,886.047,2400.67,3050.728
14460,886.607,2400.78,3048.2790000000005
14480,888.247,2396.471,3050.9159999999997
14500,887.427,2395.625,3050.179
14520,886.748,2401.135,3051.886
14540,886.602,2400.0,3051.205
14560,888.875,2402.105,3052.2940000000003
14580,887.735,2405.489,3053.7290000000003
14600,890.684,2406.4139999999998,3056.6240000000003
14620,888.9939999999999,2402.491,3052.204
14640,889.39,2406.9570000000003,3053.672
14660,890.987,2408.869,3055.539
14680,888.4019999999999,2401.4210000000003,3050.153
14700,890.903,2406.762,3055.522
14720,890.164,2405.324,3052.657
14740,889.668,2408.137,3054.466
14760,890.0089999999999,2408.075,3057.0820000000003
14780,890.081,2403.407,3055.2740000000003
14800,889.37,2399.507,3052.5490000000004
14820,889.735,2404.444,3051.815
14840,889.59,2406.395,3055.7729999999997
14860,890.977,2406.263,3054.9120000000003
14880,892.127,2402.592,3051.355
14900,895.617,2417.161,3061.2129999999997
14920,890.939,2405.877,3052.99
14940,890.393,2407.541,3056.409
14960,895.822,2393.7889999999998,3054.328
14980,894.5010000000001,2407.2270000000003,3059.595
15000,893.2810000000001,2410.004,3057.26
15020,891.8639999999999,2403.875,3047.2259999999997
15040,891.311,2402.9829999999997,3055.375
15060,893.679,2406.933,3057.0429999999997
15080,893.528,2404.342,3050.506
15100,894.2080000000001,2409.427,3052.7540000000004
15120,892.1189999999999,2410.154,3057.344
15140,896.413,2410.708,3055.0959999999995
15160,894.692,2405.77,3051.2209999999995
15180,895.064,2412.41,3048.868
15200,896.559,2411.6679999999997,3057.11
15220,895.882,2406.275,3050.447
15240,897.045,2414.7889999999998,3065.295
15260,898.95,2417.991,3057.466
15280,892.813,2402.41,3032.5409999999997
15300,888.057,2388.3920000000003,3023.071
15320,887.0219999999999,2382.507,3020.461
15340,887.7230000000001,2384.584,3021.555
15360,889.85,2389.44,3024.893
15380,893.903,2402.5820000000003,3040.7
15400,895.545,2403.1020000000003,3039.5840000000003
15420,895.4019999999999,2403.7960000000003,3044.651
15440,896.919,2409.3289999999997,3049.929
15460,897.324,2408.998,3049.467
15480,895.576,2404.6639999999998,3045.781
15500,885.57,2377.863,3008.03
15520,884.707,2374.396,3005.6929999999998
15540,891.442,2391.97,3032.677
15560,882.0060000000001,2366.166,2992.344
15580,878.813,2357.19,2984.586
15600,884.02,2370.179,2995.613
15620,888.674,2386.53,3021.1740000000004
15640,897.3689999999999,2407.456,3048.864
15660,895.3710000000001,2403.984,3046.0640000000003
15680,899.112,2413.804,3053.3390000000004
15700,898.237,2401.853,3049.934
15720,893.178,2396.083,3029.547
15740,892.835,2399.571,3032.6459999999997
15760,894.2819999999999,2399.538,3036.406
15780,894.637,2398.52,3035.5640000000003
15800,892.706,2396.428,3031.893
15820,892.544,2392.967,3031.216
15840,892.186,2393.675,3028.8720000000003
15860,890.431,2391.81,3025.7129999999997
15880,884.166,2372.739,2997.57
15900,882.6569999999999,2367.027,2999.203
15920,872.703,2337.828,2960.994
15940,875.404,2350.242,2967.5240000000003
15960,871.387,2341.9570000000003,2956.562
15980,874.562,2345.681,2960.4509999999996
16000,878.06,2355.812,2976.921
16020,882.185,2364.738,2990.735
16040,883.672,2368.636,2995.865
16060,882.435,2365.0860000000002,2991.197
16080,882.194,2364.192,2991.028
16100,881.817,2362.554,2988.539
16120,883.78,2369.962,2996.7
16140,885.138,2371.504,2998.545
16160,881.2189999999999,2365.093,2982.85
16180,886.924,2373.431,3003.991
16200,885.081,2373.312,2999.17
16220,887.439,2378.8979999999997,3001.6420000000003
16240,888.045,2377.481,3007.19
16260,890.317,2387.474,3020.599
16280,891.5039999999999,2390.3179999999998,3020.11
16300,896.132,2399.3089999999997,3036.0440000000003
16320,897.684,2402.482,3036.3320000000003
16340,899.577,2409.26,3047.435
16360,901.225,2410.6,3048.1890000000003
16380,899.8660000000001,2411.635,3045.335
16400,899.1,2408.583,3046.384
16420,901.3389999999999,2419.403,3058.09
16440,904.875,2423.272,3062.248
16460,903.709,2421.572,3059.9640000000004
16480,905.414,2423.635,3065.4120000000003
16500,907.424,2428.553,3070.3190000000004
16520,906.296,2427.814,3071.663
16540,908.465,2432.969,3077.345
16560,909.169,2433.438,3076.9559999999997
16580,907.221,2431.455,3073.9590000000003
16600,906.6560000000001,2429.3520000000003,3070.514
16620,908.427,2431.91,3074.756
16640,908.918,2434.2129999999997,3076.038
16660,909.688,2434.485,3075.8190000000004
16680,910.878,2440.41,3080.518
16700,910.528,2438.71,3083.26
16720,910.587,2438.593,3082.364
16740,911.937,2440.243,3085.558
16760,912.454,2441.106,3087.475
16780,912.893,2441.99,3086.2670000000003
16800,912.044,2439.959,3085.337
16820,912.9760000000001,2444.317,3090.1479999999997
16840,913.262,2445.111,3089.6809999999996
16860,912.178,2446.0389999999998,3089.387
16880,913.055,2445.712,3092.37
16900,913.692,2444.651,3085.711
16920,913.165,2444.9610000000002,3086.302
16940,914.5,2445.893,3093.514
16960,914.6360000000001,2448.499,3087.857
16980,913.949,2445.853,3091.705
17000,914.748,2447.448,3086.05
17020,915.5419999999999,2445.526,3084.607
17040,914.025,2442.145,3086.1279999999997
17060,913.515,2446.034,3091.69
17080,915.051,2445.23,3089.127
17100,914.707,2445.7,3089.347
17120,915.923,2447.841,3089.344
17140,914.507,2444.716,3088.51
17160,914.9580000000001,2445.843,3088.114
17180,914.915,2445.221,3092.067
17200,914.342,2446.0029999999997,3087.73
17220,915.06,2446.62,3089.974
17240,915.68,2448.363,3091.2070000000003
17260,915.298,2445.0660000000003,3091.474
17280,915.332,2446.4629999999997,3086.696
17300,914.1469999999999,2446.6420000000003,3089.948
17320,914.5830000000001,2442.15,3084.5429999999997
17340,912.955,2439.756,3085.031
17360,911.3839999999999,2440.9339999999997,3082.9190000000003
17380,911.331,2433.226,3071.3390000000004
17400,906.932,2426.763,3065.638
17420,910.757,2430.351,3075.833
17440,910.8810000000001,2431.147,3070.762
17460,909.765,2430.79,3069.6609999999996
17480,907.55,2423.835,3060.05
17500,907.2489999999999,2422.5660000000003,3057.528
17520,911.181,2437.885,3078.132
17540,912.6260000000001,2438.099,3078.2509999999997
17560,912.1160000000001,2436.631,3074.906
17580,912.08,2437.694,3079.343
17600,913.16,2439.792,3079.829
17620,912.342,2436.237,3077.4190000000003
17640,913.808,2441.542,3082.211
17660,913.279,2440.8320000000003,3084.0440000000003
17680,914.633,2443.395,3084.6690000000003
17700,914.44,2441.4539999999997,3086.9959999999996
17720,916.0830000000001,2443.2129999999997,3086.948
17740,914.545,2444.797,3086.948
17760,915.179,2444.103,3086.3259999999996
17780,914.378,2442.5,3084.619
17800,913.672,2441.757,3082.81
17820,915.091,2445.1639999999998,3088.61
17840,914.1419999999999,2443.116,3082.027
17860,916.553,2445.364,3087.087
17880,913.165,2441.5660000000003,3082.2129999999997
17900,913.112,2439.349,3080.625
17920,912.061,2439.0029999999997,3079.8509999999997
17940,911.3960000000001,2436.092,3078.06
17960,905.2869999999999,2419.777,3056.567
17980,909.309,2429.464,3070.65
18000,909.252,2430.437,3068.8740000000003
18020,910.034,2430.799,3069.685
18040,907.5310000000001,2426.19,3063.5809999999997
18060,909.863,2430.384,3068.423
18080,911.8530000000001,2437.251,3080.688
18100,911.0210000000001,2436.473,3077.6240000000003
18120,909.1619999999999,2430.036,3067.837
18140,904.346,2421.303,3052.1440000000002
18160,905.697,2414.606,3053.5959999999995
18180,906.2769999999999,2418.077,3054.435
18200,902.8960000000001,2407.8320000000003,3039.446
18220,900.395,2404.776,3038.6
18240,901.937,2409.2270000000003,3043.3509999999997
18260,897.908,2400.31,3032.72
18280,897.758,2402.391,3034.613
18300,898.323,2398.481,3031.4159999999997
18320,898.416,2398.522,3029.275
18340,898.304,2398.841,3030.262
18360,892.375,2382.178,3007.052
18380,898.409,2394.094,3013.151
18400,743.475,1970.3129999999999,2464.244
18420,780.215,2068.5429999999997,2593.024
18440,822.294,2184.632,2745.566
18460,879.61,2347.167,2963.223
18480,870.54,2323.194,2933.259
18500,870.5310000000001,2324.285,2933.2070000000003
18520,868.7,2319.641,2929.118
18540,860.553,2294.419,2898.2259999999997
18560,865.545,2309.201,2916.527
18580,863.9689999999999,2306.201,2911.873
18600,855.415,2283.111,2880.759
18620,863.6469999999999,2305.298,2917.368
18640,837.209,2234.936,2820.401
18660,824.2130000000001,2201.078,2775.8379999999997
18680,822.821,2195.325,2766.03
18700,803.056,2141.774,2699.37
18720,799.172,2131.7670000000003,2683.9159999999997
18740,812.633,2168.815,2735.1279999999997
18760,839.2189999999999,2244.034,2835.906
18780,837.102,2231.488,2816.2290000000003
18800,840.242,2242.05,2830.083
18820,850.318,2269.056,2864.4320000000002
18840,838.1439999999999,2238.243,2821.7509999999997
18860,836.3910000000001,2231.445,2817.2709999999997
18880,812.2869999999999,2170.3320000000003,2738.025
18900,822.654,2194.679,2768.9959999999996
18920,803.924,2143.159,2697.611
18940,826.707,2202.48,2781.472
18960,810.7919999999999,2163.882,2725.153
18980,804.298,2142.365,2703.7740000000003
19000,806.31,2149.026,2710.9309999999996
19020,826.3639999999999,2199.2039999999997,2776.592
19040,830.5239999999999,2216.005,2796.2729999999997
19060,840.321,2241.0820000000003,2829.1459999999997
19080,838.3610000000001,2235.06,2821.762
19100,831.2339999999999,2220.206,2798.908
19120,847.237,2261.51,2852.8190000000004
19140,848.1030000000001,2264.452,2857.313
19160,838.757,2237.868,2824.349
19180,816.658,2178.874,2744.322
19200,832.2760000000001,2222.996,2804.823
19220,829.797,2212.665,2792.926
19240,841.1619999999999,2243.214,2833.8979999999997
19260,833.628,2223.194,2803.423
19280,830.1160000000001,2215.736,2797.02
19300,805.3969999999999,2148.976,2709.784
19320,826.48,2206.161,2784.603
19340,822.937,2195.363,2768.4640000000004
19360,826.8760000000001,2204.702,2784.8790000000004
19380,832.312,2220.686,2804.132
19400,846.0089999999999,2256.8179999999998,2849.262
19420,835.2330000000001,2231.445,2815.025
19440,820.477,2190.862,2765.164
19460,818.577,2185.426,2755.3390000000004
19480,767.572,2042.596,2567.663
19500,705.2560000000001,1876.092,2353.365
19520,771.63,2055.1420000000003,2589.428
19540,801.725,2140.675,2700.813
19560,711.682,1888.213,2365.8320000000003
19580,794.888,2120.514,2677.453
19600,717.9069999999999,1911.221,2398.574
19620,746.057,1991.1570000000002,2502.065
19640,713.42,1898.63,2388.1820000000002
19660,710.127,1892.4520000000002,2383.292
19680,683.053,1812.787,2269.649
19700,660.6080000000001,1755.862,2201.929
19720,677.2489999999999,1796.908,2251.596
19740,683.3580000000001,1816.404,2282.419
19760,704.7080000000001,1875.6870000000001,2360.306
19780,724.852,1928.1170000000002,2424.0370000000003
19800,751.188,2004.24,2532.5370000000003
19820,663.748,1761.1170000000002,2207.592
19840,642.552,1708.4360000000001,2144.473
19860,606.794,1608.229,2013.135
19880,649.347,1723.6660000000002,2158.6079999999997
19900,628.226,1668.21,2094.705
19920,628.932,1668.9779999999998,2092.712
19940,672.433,1787.009,2243.426
19960,640.945,1703.0120000000002,2141.001
19980,643.148,1706.0520000000001,2135.7110000000002
20000,587.714,1556.671,1946.411
20020,613.0219999999999,1629.8770000000002,2051.694
20040,632.3340000000001,1679.63,2105.279
20060,615.187,1631.255,2043.8029999999999
20080,665.529,1769.023,2220.826
20100,694.327,1849.692,2324.715
20120,629.232,1669.014,2088.501
20140,641.22,1703.246,2132.995
20160,689.123,1833.4479999999999,2304.604
20180,596.766,1581.378,1980.829
20200,716.302,1908.8410000000001,2403.846
20220,623.481,1654.892,2076.177
20240,571.26,1514.065,1893.487
20260,596.569,1582.7820000000002,1984.2120000000002
20280,583.7769999999999,1546.128,1931.5479999999998
20300,606.964,1612.2579999999998,2024.8339999999998
20320,629.451,1668.317,2093.248
20340,597.911,1585.977,1985.5639999999999
20360,573.375,1521.3629999999998,1909.03
20380,576.656,1534.395,1925.254
20400,568.993,1506.128,1883.1370000000002
20420,609.1619999999999,1616.271,2022.1660000000002
20440,661.9810000000001,1758.785,2209.239
20460,628.841,1671.691,2100.534
20480,713.801,1901.24,2390.945
20500,658.8960000000001,1755.421,2210.798
20520,708.4580000000001,1884.8629999999998,2371.824
20540,634.086,1685.45,2117.026
20560,661.066,1763.122,2221.1839999999997
20580,638.0219999999999,1695.645,2130.4539999999997
20600,635.6,1691.6129999999998,2128.646
20620,709.1519999999999,1891.239,2387.4970000000003
20640,631.487,1676.9579999999999,2099.616
20660,741.203,1980.922,2503.159
20680,689.416,1836.219,2312.31
20700,599.5509999999999,1593.75,1998.4029999999998
20720,588.014,1558.0079999999998,1945.1170000000002
20740,604.284,1607.28,2016.1529999999998
20760,636.239,1697.335,2137.096
20780,646.8530000000001,1724.484,2168.729
20800,650.2869999999999,1730.733,2174.156
20820,647.626,1725.285,2171.373
20840,673.6060000000001,1795.5020000000002,2260.141
20860,664.816,1776.285,2237.804
20880,605.643,1607.23,2010.365
20900,601.232,1597.4660000000001,1997.619
20920,677.5830000000001,1808.61,2282.731
20940,732.3810000000001,1957.3470000000002,2469.995
20960,758.8739999999999,2031.476,2570.801
20980,724.454,1938.362,2445.8360000000002
21000,635.221,1689.806,2119.348
21020,664.325,1769.469,2219.071
21040,676.3789999999999,1800.509,2262.792
21060,642.1759999999999,1711.865,2153.859
21080,624.821,1661.4370000000001,2083.259
21100,582.771,1546.431,1933.5439999999999
21120,453.825,1197.9389999999999,1491.2679999999998
21140,498.202,1319.5179999999998,1648.0420000000001
21160,380.204,997.684,1233.861
21180,352.967,926.1460000000001,1145.384
21200,419.536,1108.427,1380.808
21220,485.406,1288.974,1612.4679999999998
21240,452.209,1195.445,1487.7579999999998
21260,552.211,1467.1760000000002,1837.0079999999998
21280,576.565,1534.681,1924.1879999999999
21300,619.786,1651.0510000000002,2072.344
21320,707.6139999999999,1892.757,2385.464
21340,618.7180000000001,1649.485,2067.792
21360,577.247,1537.483,1924.66
21380,624.151,1664.829,2088.695
21400,601.063,1603.875,2009.63
21420,641.143,1712.01,2148.907
21440,686.44,1834.519,2312.927
21460,667.791,1782.7939999999999,2240.2070000000003
21480,631.807,1687.92,2119.57
21500,624.566,1667.109,2093.692
21520,625.401,1667.6660000000002,2091.572
21540,696.321,1861.727,2344.532
21560,707.123,1892.295,2384.88
21580,628.1759999999999,1676.14,2100.759
21600,595.214,1577.3729999999998,1963.4370000000001
21620,527.749,1390.915,1719.515
21640,397.212,1031.797,1255.72
21660,354.218,914.347,1107.702
21680,308.447,796.664,966.232
21700,384.548,1008.42,1237.7930000000001
21720,519.295,1378.5739999999998,1718.683
21740,725.653,1940.7839999999999,2441.573
21760,780.382,2098.217,2656.579
21780,696.177,1866.031,2350.845
21800,678.079,1812.6370000000002,2278.237
21820,714.19,1912.875,2411.06
21840,753.8989999999999,2025.349,2558.942
21860,742.497,1995.27,2519.658
21880,735.383,1975.524,2494.2110000000002
21900,726.0160000000001,1949.7320000000002,2461.817
21920,729.2460000000001,1959.5529999999999,2474.406
21940,720.687,1934.4879999999998,2442.026
21960,739.0930000000001,1986.484,2507.467
21980,763.073,2049.26,2582.738
22000,791.33,2130.651,2691.634
22020,800.8860000000001,2152.944,2722.4590000000003
22040,791.252,2129.958,2689.745
22060,788.5360000000001,2120.686,2678.816
22080,799.8539999999999,2151.7870000000003,2718.58
22100,794.5319999999999,2137.723,2698.255
22120,810.7660000000001,2181.485,2757.239
22140,817.347,2199.645,2780.75
22160,811.591,2181.656,2759.302
22180,832.529,2238.848,2830.653
22200,836.0269999999999,2251.7470000000003,2845.6740000000004
22220,844.0089999999999,2274.141,2875.13
22240,848.436,2283.9139999999998,2888.37
22260,849.2760000000001,2286.248,2892.857
22280,848.925,2286.077,2891.572
22300,852.587,2297.513,2903.2990000000004
22320,846.648,2282.474,2881.486
22340,847.4680000000001,2283.926,2887.3059999999996
22360,846.0239999999999,2280.55,2883.341
22380,842.762,2270.536,2873.428
22400,838.943,2257.075,2852.006
22420,842.2610000000001,2270.729,2869.048
22440,846.684,2282.815,2886.212
22460,854.2539999999999,2302.101,2913.6090000000004
22480,852.6560000000001,2297.3179999999998,2908.1040000000003
22500,853.562,2301.257,2914.953
22520,861.301,2323.172,2940.1040000000003
22540,854.824,2304.8070000000002,2914.9990000000003
22560,857.334,2314.141,2928.836
22580,851.7460000000001,2298.076,2906.563
22600,850.48,2293.985,2902.243
22620,850.31,2293.635,2903.123
22640,858.467,2317.502,2930.808
22660,860.112,2321.873,2936.4109999999996
22680,844.808,2280.741,2882.6209999999996
22700,836.2439999999999,2256.598,2848.864
22720,847.831,2287.757,2896.7909999999997
22740,860.033,2321.772,2940.364
22760,865.1610000000001,2337.4410000000003,2958.46
22780,866.5419999999999,2338.8979999999997,2960.763
22800,865.586,2336.8070000000002,2959.282
22820,864.2460000000001,2332.895,2952.9809999999998
22840,862.913,2331.397,2951.183
22860,858.4860000000001,2313.9210000000003,2931.678
22880,856.492,2313.156,2928.777
22900,850.7180000000001,2295.806,2907.2929999999997
22920,853.7510000000001,2306.447,2917.454
22940,853.932,2307.563,2922.111
22960,860.8889999999999,2326.45,2946.289
22980,864.6039999999999,2337.828,2960.925
23000,865.571,2344.012,2971.4970000000003
23020,863.14,2335.045,2957.506
23040,863.5189999999999,2337.861,2960.2
23060,857.82,2321.532,2942.302
23080,859.988,2324.474,2948.506
23100,854.852,2311.389,2924.244
23120,857.654,2318.654,2939.355
23140,856.066,2316.394,2935.844
23160,861.6419999999999,2328.415,2943.461
23180,489.20599999999996,1314.578,1649.382
23200,851.455,2300.401,2910.414
23220,841.825,2276.435,2886.5
23240,844.5260000000001,2286.053,2899.167
23260,839.9939999999999,2270.901,2881.72
23280,843.63,2280.147,2888.155
23300,844.1039999999999,2283.368,2888.219
23320,851.502,2304.969,2919.211
23340,841.6489999999999,2279.081,2889.3179999999998
23360,824.561,2233.663,2830.651
23380,824.444,2234.488,2832.055
23400,829.525,2249.651,2851.567
23420,835.7260000000001,2265.396,2874.3790000000004
23440,831.313,2254.133,2857.361
23460,824.692,2235.05,2834.292
23480,821.7189999999999,2227.855,2824.836
23500,829.442,2250.0370000000003,2856.679
23520,834.918,2266.271,2873.8190000000004
23540,840.447,2280.581,2892.4440000000004
23560,838.3610000000001,2275.283,2887.8070000000002
23580,840.2130000000001,2280.815,2895.591
23600,846.04,2293.422,2913.3509999999997
23620,845.573,2292.841,2909.136
23640,845.742,2301.471,2914.445
23660,845.852,2298.152,2915.099
23680,849.5039999999999,2305.417,2928.255
23700,855.062,2320.988,2949.5359999999996
23720,866.189,2349.2889999999998,2981.2290000000003
23740,825.825,2240.326,2839.551
23760,864.813,2349.501,2985.954
23780,863.3689999999999,2346.871,2980.44
23800,863.173,2347.097,2981.06
23820,863.0989999999999,2344.458,2979.45
23840,859.3960000000001,2340.245,2968.712
23860,862.617,2347.365,2981.5840000000003
23880,863.0319999999999,2345.603,2980.559
23900,860.748,2342.877,2976.6820000000002
23920,862.715,2346.5589999999997,2983.935
23940,863.988,2349.405,2986.5690000000004
23960,865.252,2355.084,2991.679
23980,862.927,2350.116,2984.133
24000,861.602,2346.396,2982.323
24020,860.565,2343.886,2975.4109999999996
24040,862.696,2349.384,2985.241
24060,857.716,2336.145,2970.486
24080,852.637,2322.667,2952.659
24100,852.232,2322.946,2953.691
24120,853.2189999999999,2325.301,2956.2309999999998
24140,847.38,2310.462,2935.138
24160,844.681,2299.74,2927.527
24180,844.209,2300.894,2926.3070000000002
24200,842.202,2299.542,2923.329
24220,824.828,2248.936,2856.4790000000003
24240,841.932,2297.13,2917.929
24260,844.712,2303.455,2928.2740000000003
24280,839.4580000000001,2290.864,2915.077
24300,833.895,2276.876,2896.841
24320,837.939,2288.744,2913.735
24340,838.113,2289.305,2912.228
24360,830.784,2270.317,2889.042
24380,832.4889999999999,2275.455,2897.6540000000005
24400,826.533,2259.076,2876.17
24420,823.553,2249.208,2861.6740000000004
24440,826.3639999999999,2257.8379999999997,2874.515
24460,822.015,2247.045,2861.283
24480,814.836,2227.166,2836.008
24500,814.328,2226.152,2834.3320000000003
24520,798.39,2184.4429999999998,2778.578
24540,812.1469999999999,2220.113,2823.8540000000003
24560,811.7510000000001,2221.6420000000003,2827.191
24580,807.0369999999999,2211.018,2813.802
24600,799.654,2188.044,2782.5359999999996
24620,805.3760000000001,2207.0,2810.688
24640,804.613,2205.007,2809.782
24660,806.8589999999999,2209.902,2814.968
24680,800.939,2193.499,2795.52
24700,797.727,2185.471,2785.4970000000003
24720,794.418,2175.758,2774.437
24740,781.2689999999999,2141.235,2727.8259999999996
24760,791.309,2167.666,2761.228
24780,606.3580000000001,1653.969,2101.955
24800,794.62,2180.026,2776.2340000000004
24820,803.3989999999999,2202.549,2805.965
24840,813.2080000000001,2230.9829999999997,2844.195
24860,818.4119999999999,2246.478,2863.975
24880,824.8760000000001,2265.737,2888.2790000000005
24900,825.0239999999999,2267.294,2891.593
24920,830.665,2280.991,2913.57
24940,830.653,2283.278,2914.96
24960,833.612,2291.083,2923.341
24980,841.289,2313.4179999999997,2952.015
25000,838.828,2305.77,2940.607
25020,841.2360000000001,2315.638,2955.177
25040,842.512,2317.34,2959.597
25060,844.1110000000001,2320.724,2962.6009999999997
25080,842.352,2319.617,2959.2009999999996
25100,841.677,2316.2889999999998,2958.474
25120,844.6460000000001,2330.346,2972.028
25140,848.42,2335.76,2983.079
25160,842.502,2321.234,2965.5409999999997
25180,843.174,2321.653,2962.2509999999997
25200,842.993,2324.3,2968.211
25220,841.9580000000001,2320.015,2962.224
25240,841.2810000000001,2320.027,2963.507
25260,843.165,2325.797,2973.952
25280,842.65,2325.494,2968.6209999999996
25300,842.34,2324.984,2970.073
25320,844.25,2333.04,2979.493
25340,842.557,2323.256,2970.133
25360,839.803,2318.785,2959.22
25380,840.368,2320.7,2966.33
25400,838.711,2319.756,2968.7790000000005
25420,834.1360000000001,2301.242,2939.301
25440,838.68,2315.626,2957.759
25460,669.298,1832.8020000000001,2323.9970000000003
25480,837.6189999999999,2311.618,2952.197
25500,835.307,2308.4139999999998,2948.656
25520,832.393,2303.5170000000003,2944.3759999999997
25540,826.6139999999999,2285.34,2919.829
25560,827.799,2289.627,2930.923
25580,825.975,2285.845,2922.263
25600,829.687,2297.242,2936.2009999999996
25620,829.8919999999999,2297.797,2939.048
25640,825.143,2284.467,2923.105
25660,760.5169999999999,2103.5789999999997,2685.881
25680,803.5089999999999,2226.62,2848.756
25700,785.315,2174.9970000000003,2780.528
25720,786.8389999999999,2178.9429999999998,2787.232
25740,784.414,2173.214,2779.026
25760,766.3389999999999,2125.1679999999997,2716.6440000000002
25780,754.666,2090.225,2672.265
25800,693.572,1917.567,2443.335
25820,717.5060000000001,1987.457,2543.175
25840,731.6569999999999,2029.207,2590.8779999999997
25860,751.948,2087.159,2669.2129999999997
25880,738.232,2048.035,2616.375
25900,737.562,2046.9,2614.3979999999997
25920,743.9060000000001,2068.124,2641.554
25940,750.69,2086.449,2671.5640000000003
25960,766.3919999999999,2128.136,2724.218
25980,767.7719999999999,2133.901,2734.89
26000,792.93,2206.5879999999997,2828.643
26020,792.327,2203.345,2823.555
26040,788.822,2196.488,2818.2909999999997
26060,777.24,2163.375,2769.0359999999996
26080,789.747,2199.466,2819.242
26100,801.1080000000001,2232.2889999999998,2862.327
26120,793.7689999999999,2215.097,2839.716
26140,802.732,2237.618,2873.478
26160,788.1160000000001,2196.86,2816.103
26180,787.938,2200.611,2821.667
26200,796.664,2224.734,2855.1079999999997
26220,794.7660000000001,2220.757,2847.841
26240,791.817,2211.135,2836.3590000000004
26260,798.845,2232.58,2866.0959999999995
26280,806.0219999999999,2251.923,2892.337
26300,807.2639999999999,2257.638,2899.48
26320,800.6360000000001,2239.172,2874.613
26340,805.4689999999999,2253.656,2893.283
26360,807.235,2260.888,2902.086
26380,786.538,2203.364,2828.2909999999997
26400,795.076,2224.66,2858.965
26420,792.196,2220.373,2849.078
26440,797.6030000000001,2237.556,2873.914
26460,801.227,2245.736,2886.732
26480,787.084,2207.592,2834.296
26500,803.938,2253.754,2899.885
26520,796.936,2235.93,2871.511
26540,813.298,2283.118,2936.788
26560,813.284,2282.669,2934.625
26580,811.887,2279.499,2930.7870000000003
26600,811.069,2278.0820000000003,2930.9629999999997
26620,805.9860000000001,2264.817,2912.059
26640,798.1439999999999,2244.11,2884.717
26660,799.9010000000001,2248.716,2891.29
26680,799.9110000000001,2249.107,2895.238
26700,805.2230000000001,2266.197,2914.9990000000003
26720,807.6519999999999,2271.299,2922.695
26740,805.3660000000001,2266.505,2916.823
26760,805.1419999999999,2267.718,2915.719
26780,805.178,2268.09,2917.95
26800,801.122,2257.698,2906.525
26820,800.049,2254.653,2902.0170000000003
26840,798.943,2250.462,2897.1079999999997
26860,798.5310000000001,2252.813,2902.5009999999997
26880,799.82,2258.022,2908.7659999999996
26900,797.784,2253.456,2905.7259999999997
26920,796.4639999999999,2249.61,2899.218
26940,796.778,2251.897,2902.8109999999997
26960,792.875,2239.3179999999998,2887.792
26980,793.002,2241.933,2893.62
27000,794.275,2248.354,2900.355
27020,792.7180000000001,2241.521,2892.284
27040,789.9789999999999,2236.333,2885.258
27060,785.487,2223.768,2868.485
27080,789.835,2236.5879999999997,2886.6859999999997
27100,788.87,2235.591,2884.6690000000003
27120,776.87,2201.705,2842.093
27140,766.59,2173.548,2803.171
27160,772.095,2189.004,2825.83
27180,765.581,2173.262,2810.7929999999997
27200,751.002,2130.8089999999997,2747.722
27220,737.1260000000001,2090.306,2696.989
27240,738.618,2096.7960000000003,2702.849
27260,744.3639999999999,2113.547,2728.0809999999997
27280,755.4169999999999,2143.876,2770.0229999999997
27300,759.459,2159.076,2788.982
27320,733.323,2083.645,2689.0559999999996
27340,701.809,1992.469,2572.377
27360,647.836,1835.3529999999998,2360.07
27380,649.159,1841.8339999999998,2375.867
27400,616.701,1749.263,2250.748
27420,563.164,1596.3270000000002,2051.587
27440,586.984,1666.8029999999999,2148.4829999999997
27460,558.896,1585.069,2038.386
27480,489.538,1385.889,1774.9260000000002
27500,485.218,1373.6529999999998,1759.229
27520,524.85,1490.338,1915.371
27540,618.749,1762.943,2274.702
27560,686.557,1959.5620000000001,2535.82
27580,687.046,1963.086,2541.74
27600,660.937,1886.902,2442.815
27620,620.842,1770.2320000000002,2285.736
27640,589.776,1678.71,2162.325
27660,693.4169999999999,1984.925,2575.488
27680,686.0880000000001,1963.5770000000002,2546.311
27700,694.551,1988.318,2581.437
27720,728.6310000000001,2090.22,2714.76
27740,704.727,2019.505,2617.281
27760,709.2760000000001,2031.703,2637.491
27780,708.0269999999999,2030.654,2634.458
27800,699.255,2006.1879999999999,2601.5879999999997
27820,716.658,2056.491,2666.087
27840,705.569,2023.594,2622.6690000000003
27860,722.177,2074.68,2691.5879999999997
27880,726.373,2085.428,2708.7
27900,711.52,2044.7060000000001,2654.877
27920,676.6060000000001,1944.585,2519.715
27940,677.571,1946.866,2525.2960000000003
27960,683.436,1966.395,2549.3
27980,708.706,2041.132,2652.535
28000,716.3430000000001,2062.635,2679.098
28020,697.064,2008.741,2608.411
28040,723.8960000000001,2085.371,2711.969
28060,683.0239999999999,1966.3120000000001,2553.051
28080,677.7760000000001,1953.8329999999999,2538.2329999999997
28100,711.472,2052.781,2672.136
28120,690.675,1993.761,2592.525
28140,631.4540000000001,1821.082,2363.1
28160,640.39,1847.9560000000001,2397.738
28180,630.765,1817.214,2353.9570000000003
28200,577.023,1661.558,2151.716
28220,542.7,1559.73,2014.224
28240,566.347,1632.8570000000002,2114.685
28260,604.1669999999999,1745.601,2266.972
28280,658.3910000000001,1908.0639999999999,2486.0860000000002
28300,522.752,1505.039,1944.7679999999998
28320,414.14,1192.0430000000001,1538.854
28340,565.107,1636.5479999999998,2127.464
28360,615.852,1784.9660000000001,2322.395
28380,601.099,1741.354,2262.468
28400,569.513,1647.565,2136.178
28420,523.908,1518.5379999999998,1971.991
28440,654.752,1903.4720000000002,2480.819
28460,558.0740000000001,1615.391,2092.597
28480,530.174,1543.4460000000001,2009.645
28500,692.9110000000001,2019.3,2636.282
28520,572.634,1666.2720000000002,2169.862
28540,611.703,1779.95,2318.578
28560,529.857,1537.135,1994.424
28580,536.568,1558.6729999999998,2023.11
28600,552.313,1606.5720000000001,2086.763
28620,575.4830000000001,1676.44,2181.6020000000003
28640,615.561,1797.631,2344.501
28660,682.8639999999999,2000.175,2619.6929999999998
28680,692.41,2029.066,2655.7209999999995
28700,701.8689999999999,2060.161,2699.437
28720,686.7689999999999,2009.1870000000001,2621.331
28740,698.493,2049.11,2681.363
28760,699.682,2055.4139999999998,2695.7940000000003
28780,702.5169999999999,2063.696,2703.8979999999997
28800,700.796,2058.055,2695.324
28820,662.334,1943.095,2532.88
28840,702.2689999999999,2064.188,2700.164
28860,704.393,2071.7,2714.257
28880,731.113,2155.886,2826.929
28900,731.08,2152.8720000000003,2821.562
28920,729.692,2152.3089999999997,2818.289
28940,730.441,2153.475,2821.855
28960,726.175,2140.718,2808.9359999999997
28980,726.357,2144.229,2810.8909999999996
29000,726.135,2146.864,2814.987
29020,724.7810000000001,2142.5029999999997,2811.732
29040,724.428,2141.5660000000003,2812.2659999999996
29060,710.5880000000001,2099.593,2754.917
29080,675.828,1997.1370000000002,2625.16
29100,605.44,1785.514,2334.504
29120,610.85,1805.224,2367.206
29140,603.187,1785.493,2337.153
29160,646.238,1910.3339999999998,2504.9829999999997
29180,676.42,2006.0439999999999,2639.401
29200,680.683,2019.56,2657.1540000000005
29220,671.587,1992.1329999999998,2618.036
29240,661.471,1963.05,2582.7670000000003
29260,663.092,1974.201,2596.822
29280,679.44,2024.152,2668.0559999999996
29300,648.2819999999999,1930.404,2534.919
29320,588.789,1748.65,2291.737
29340,532.479,1579.096,2065.8179999999998
29360,579.762,1724.904,2260.833
29380,649.405,1936.317,2555.375
29400,394.39,1159.117,1498.854
29420,360.61,1060.7930000000001,1371.61
29440,473.347,1398.16,1813.629
29460,357.11300000000006,1047.8519999999999,1349.9260000000002
29480,279.369,814.092,1041.744
29500,227.01,662.4889999999999,851.2230000000001
29520,207.59799999999998,606.7080000000001,780.923
29540,323.563,944.495,1211.3
29560,424.55,1259.12,1639.631
29580,318.894,938.959,1212.776
29600,373.96,1103.528,1429.315
29620,420.36300000000006,1248.517,1625.142
29640,578.628,1746.225,2309.8920000000003
29660,524.2919999999999,1569.264,2058.573
29680,445.13199999999995,1327.546,1737.95
29700,502.41900000000004,1509.6879999999999,1991.951
29720,590.427,1783.1970000000001,2364.867
29740,517.533,1548.77,2026.701
29760,560.138,1689.255,2235.038
29780,612.19,1848.3210000000001,2442.718
29800,585.5369999999999,1757.224,2307.982
29820,413.756,1237.743,1622.4460000000001
29840,474.195,1424.961,1867.485
29860,534.544,1606.6689999999999,2103.82
29880,616.403,1866.005,2472.5029999999997
29900,652.366,1987.994,2646.5440000000003
29920,677.252,2065.775,2751.5170000000003
29940,681.66,2078.297,2769.797
29960,675.554,2061.567,2744.72
29980,673.008,2055.354,2737.7270000000003
30000,660.048,2014.203,2679.887
30020,663.154,2025.769,2698.8909999999996
30040,654.6469999999999,2004.3210000000001,2667.3909999999996
30060,623.031,1906.004,2535.0429999999997
30080,580.893,1771.631,2348.955
30100,609.031,1865.215,2484.0660000000003
30120,564.938,1727.951,2300.069
30140,513.763,1571.1779999999999,2088.53
30160,487.404,1489.618,1976.9260000000002
30180,430.152,1305.69,1716.5829999999999
30200,291.324,874.822,1135.595
30220,286.548,868.845,1140.928
30240,334.272,1012.721,1327.336
30260,352.275,1072.371,1411.3329999999999
30280,393.01199999999994,1199.9389999999999,1584.935
30300,352.55,1075.833,1418.7979999999998
30320,352.464,1076.362,1419.942
30340,315.113,963.6189999999999,1275.8139999999999
30360,356.908,1094.36,1450.832
30380,243.68,744.855,986.941
30400,214.2,651.374,857.6039999999999
30420,187.328,571.694,757.196
30440,199.268,609.729,808.575
30460,235.05700000000002,720.1080000000001,952.623
30480,252.554,774.57,1025.15
30500,236.03400000000002,724.4830000000001,959.487
30520,212.91299999999998,654.364,868.07
30540,210.84799999999998,648.181,860.007
30560,204.053,629.0980000000001,836.5010000000001
30580,211.785,651.689,864.0189999999999
30600,215.74,666.1410000000001,884.7260000000001
30620,245.614,758.059,1004.4
30640,251.472,776.508,1028.562
30660,286.08299999999997,887.7610000000001,1179.8239999999998
30680,328.655,1021.845,1360.989
30700,403.745,1260.028,1682.219
30720,417.705,1307.137,1749.547
30740,481.648,1513.1589999999999,2033.138
30760,460.124,1445.506,1940.896
30780,510.259,1607.6879999999999,2164.0679999999998
30800,542.727,1714.001,2310.939
30820,561.826,1776.6879999999999,2399.0029999999997
30840,551.076,1741.974,2348.151
30860,584.269,1852.889,2502.658
30880,583.758,1848.662,2497.623
30900,607.746,1931.0020000000002,2613.466
30920,588.491,1869.171,2528.124
30940,606.065,1929.7720000000002,2614.119
30960,604.746,1925.33,2605.362
30980,602.987,1921.616,2600.708
31000,601.5369999999999,1918.871,2598.229
31020,599.692,1914.5079999999998,2593.7529999999997
31040,598.905,1913.402,2592.59
31060,598.164,1913.3329999999999,2592.1420000000003
31080,596.526,1909.368,2587.452
31100,595.257,1907.516,2587.035
31120,590.384,1893.935,2570.732
31140,583.637,1874.433,2544.656
31160,575.805,1851.7920000000001,2516.663
31180,575.54,1853.635,2519.598
31200,564.201,1817.7820000000002,2468.424
31220,544.269,1753.066,2380.617
31240,500.631,1611.004,2181.32
31260,467.51300000000003,1505.506,2037.725
31280,438.36400000000003,1410.809,1905.494
31300,482.144,1558.483,2116.571
31320,511.801,1658.461,2259.5879999999997
31340,510.445,1656.594,2256.768
31360,506.85900000000004,1647.4820000000002,2247.093
31380,509.93,1659.7920000000001,2265.551
31400,496.31800000000004,1617.4979999999998,2208.002
31420,474.68699999999995,1548.121,2113.9770000000003
31440,455.694,1479.2320000000002,2007.003
31460,452.847,1467.721,1988.575
31480,486.369,1590.18,2174.232
31500,471.666,1542.156,2107.88
31520,455.14300000000003,1487.994,2033.713
31540,426.92199999999997,1397.2279999999998,1906.431
31560,445.626,1462.3310000000001,2001.379
31580,460.191,1513.4720000000002,2074.249
31600,453.694,1492.934,2046.1270000000002
31620,456.93199999999996,1506.441,2066.958
31640,436.921,1439.71,1970.842
31660,423.61699999999996,1396.01,1911.922
31680,407.944,1341.4979999999998,1828.671
31700,317.051,1025.927,1377.1029999999998
31720,53.52,165.045,219.107
31740,47.965,146.32,191.822
31760,142.334,456.352,608.683
31780,326.519,1076.865,1463.1960000000001
31800,341.024,1116.431,1505.8229999999999
31820,319.8,1047.599,1410.975
31840,324.402,1059.1860000000001,1421.1270000000002
31860,245.81400000000002,805.438,1084.9569999999999
31880,245.748,801.9730000000001,1077.139
31900,292.342,971.26,1326.7060000000001
31920,301.21299999999997,995.965,1349.9479999999999
31940,96.59100000000001,309.231,413.18199999999996
31960,169.33700000000002,556.245,750.6160000000001
31980,275.118,906.9680000000001,1221.6
32000,145.85,477.81,645.249
32020,75.727,245.445,332.499
32040,38.218,123.708,173.843
32060,36.75,120.48700000000001,170.979
32080,23.06,73.061,104.635
32100,28.625,91.655,127.35799999999999
32120,70.672,229.547,307.257
32140,73.845,241.981,327.678
32160,126.18799999999999,417.631,562.117
32180,126.348,419.884,568.74
32200,154.221,513.818,694.365
32220,100.396,329.34,439.99
32240,89.32600000000001,290.668,382.421
32260,39.58,129.893,174.572
32280,47.001999999999995,148.509,192.301
32300,5.066,12.648,18.492
32320,47.41,158.112,216.25
32340,173.15099999999998,579.965,774.062
32360,141.089,470.405,625.327
32380,57.471000000000004,192.542,261.185
32400,70.44800000000001,233.74099999999999,310.922
32420,60.83,200.205,263.965
32440,43.501999999999995,142.026,187.39700000000002
32460,40.324,129.671,168.641
32480,4.923,12.61,18.775
32500,48.431999999999995,154.569,198.083
32520,40.483000000000004,129.266,166.016
32540,4.399,10.76,15.683
32560,4.215,10.116,14.540999999999999
32580,33.684,77.503,52.519
32600,48.532,158.222,206.144
32620,5.183,14.012,21.826999999999998
32640,3.986,9.203,13.323
32660,3.924,9.031,12.977
32680,4.103,9.607999999999999,13.752
32700,3.984,9.079,12.812999999999999
32720,3.7689999999999997,8.349,11.704
32740,3.6189999999999998,7.818,10.845999999999998
32760,3.572,7.5889999999999995,10.392999999999999
32780,3.412,7.069,9.615
32800,3.3,6.733,9.072000000000001
32820,3.25,6.483,8.75
32840,3.1830000000000003,6.359,8.512
32860,3.178,6.256,8.392000000000001
32880,3.145,6.261,8.39
32900,3.161,6.261,8.457
32920,3.111,6.1370000000000005,8.192
32940,3.071,5.898,7.935
32960,3.009,5.689,7.627000000000001
32980,2.88,5.281000000000001,6.995
33000,2.801,4.864,6.327999999999999
33020,2.6889999999999996,4.489,5.653
33040,2.551,4.015,4.926
33060,2.406,3.572,4.232
33080,2.332,3.135,3.676
33100,2.294,2.9160000000000004,3.359
33120,2.234,2.82,3.195
33140,2.193,2.77,3.13
33160,2.1790000000000003,2.742,3.102
33180,2.184,2.742,3.0780000000000003
33200,2.186,2.7060000000000004,3.0780000000000003
33220,2.12,2.737,3.071
33240,2.177,2.7489999999999997,3.0660000000000003
33260,2.198,2.713,3.049
33280,2.186,2.7110000000000003,3.114
33300,2.158,2.718,3.073
33320,2.174,2.725,3.037
33340,2.151,2.682,3.0469999999999997
33360,2.17,2.6889999999999996,3.014
33380,2.158,2.63,3.045
33400,2.167,2.6510000000000002,3.057
33420,2.184,2.6660000000000004,3.033
33440,2.148,2.642,3.035
33460,2.174,2.608,2.99
33480,2.141,2.62,2.975
33500,2.131,2.623,2.9730000000000003
33520,2.134,2.613,2.964
33540,2.136,2.625,2.9730000000000003
33560,2.0980000000000003,2.592,2.971
33580,2.136,2.62,2.985
33600,2.148,2.596,2.966
33620,2.12,2.589,2.947
33640,2.124,2.568,2.9589999999999996
33660,2.1,2.563,2.9539999999999997
33680,2.086,2.58,2.9560000000000004
33700,2.112,2.577,2.918
33720,2.081,2.544,2.952
33740,2.12,2.532,2.971
33760,2.11,2.563,2.937
33780,2.0909999999999997,2.542,2.966
33800,2.089,2.539,2.937
33820,2.12,2.546,2.949
33840,2.1,2.5580000000000003,2.964
33860,2.108,2.544,2.9560000000000004
33880,2.1,2.542,2.971
33900,2.074,2.5180000000000002,2.9539999999999997
33920,2.093,2.522,2.9419999999999997
33940,2.108,2.537,2.9539999999999997
33960,2.117,2.53,3.0039999999999996
33980,2.086,2.57,3.0639999999999996
34000,2.089,2.625,3.1189999999999998
34020,2.117,2.625,3.1639999999999997
34040,2.151,2.635,3.2
34060,2.129,2.658,3.295
34080,2.131,2.7039999999999997,3.321
34100,2.127,2.716,3.359
34120,2.127,2.728,3.35
34140,2.1430000000000002,2.725,3.388
34160,2.155,2.7539999999999996,3.471
34180,2.155,2.823,3.505
34200,2.162,2.806,3.548
34220,2.16,2.8280000000000003,3.5410000000000004
34240,2.174,2.9160000000000004,3.636
34260,2.191,2.9730000000000003,3.824
34280,2.177,2.9989999999999997,3.87
34300,2.191,3.002,3.8339999999999996
34320,2.182,2.983,3.824
34340,2.1719999999999997,2.975,3.81
34360,2.1790000000000003,2.923,3.75
34380,2.186,2.949,3.734
34400,2.174,2.99,3.7769999999999997
34420,2.1719999999999997,3.0180000000000002,3.915
34440,2.21,3.0780000000000003,4.025
34460,2.177,3.138,4.151
34480,2.191,3.154,4.234
34500,2.222,3.2230000000000003,4.32
34520,2.213,3.247,4.461
34540,2.227,3.3280000000000003,4.652
34560,2.244,3.405,4.852
34580,2.296,3.5210000000000004,5.1
34600,2.313,3.7689999999999997,5.524
34620,2.358,4.1080000000000005,6.27
34640,2.4459999999999997,4.4110000000000005,6.921
34660,2.501,4.821000000000001,7.603
34680,2.589,5.169,8.307
34700,2.6039999999999996,5.364,8.667
34720,2.608,5.322,8.533
34740,2.556,5.167000000000001,8.202
34760,2.522,4.897,7.6339999999999995
34780,2.52,4.814,7.434
34800,2.573,5.147,8.035
34820,2.687,5.872000000000001,9.517999999999999
34840,23.785,115.068,188.97099999999998
34860,32.544000000000004,159.736,260.644
34880,42.107,209.429,341.535
34900,48.506,243.487,399.065
34920,52.39,264.671,433.81
34940,50.156000000000006,253.921,417.466
34960,49.911,254.049,419.12800000000004
34980,48.95399999999999,250.919,415.59
35000,46.091,237.21,393.913
35020,40.696,210.46599999999998,351.31
35040,35.913000000000004,186.43099999999998,313.015
35060,33.522,174.611,294.063
35080,31.111,162.284,273.58299999999997
35100,27.316,142.19799999999998,240.514
35120,24.338,126.47200000000001,214.05700000000002
35140,21.808000000000003,112.65799999999999,190.96900000000002
35160,3.781,20.84,44.78
35180,2.7489999999999997,6.571000000000001,10.675999999999998
35200,2.6630000000000003,6.182,9.885
35220,2.639,5.888999999999999,9.291
35240,2.563,5.6579999999999995,8.855
35260,2.553,5.507000000000001,8.514
35280,2.551,5.35,8.202
35300,2.499,5.221,7.977
35320,2.499,5.074,7.7010000000000005
35340,2.449,4.895,7.358
35360,2.396,4.773,7.021
35380,2.41,4.566,6.721
35400,2.356,4.442,6.5089999999999995
35420,2.344,4.343999999999999,6.235
35440,2.322,4.206,6.007999999999999
35460,2.275,4.07,5.777
35480,2.303,3.9389999999999996,5.524
35500,2.258,3.822,5.269
35520,2.22,3.695,5.0569999999999995
35540,2.201,3.557,4.838
35560,2.184,3.431,4.637
35580,2.153,3.34,4.42
35600,2.1430000000000002,3.235,4.23
35620,2.1390000000000002,3.116,4.079
35640,2.081,3.076,3.951
35660,2.1,3.0060000000000002,3.867
35680,2.072,2.968,3.76
35700,2.077,2.8939999999999997,3.6719999999999997
35720,2.062,2.8939999999999997,3.591
35740,2.0380000000000003,2.832,3.545
35760,2.041,2.78,3.44
35780,2.024,2.747,3.4019999999999997
35800,2.046,2.7060000000000004,3.338
35820,2.043,2.656,3.2760000000000002
35840,2.041,2.6660000000000004,3.262
35860,2.055,2.6010000000000004,3.207
35880,2.043,2.5869999999999997,3.142
35900,2.031,2.551,3.035
35920,2.0580000000000003,2.499,2.9130000000000003
35940,2.024,2.444,2.8280000000000003
35960,2.055,2.379,2.7439999999999998
35980,2.041,2.332,2.6660000000000004
36000,2.053,2.339,2.608
36020,2.046,2.2769999999999997,2.5580000000000003
36040,2.029,2.258,2.5269999999999997
36060,2.062,2.224,2.48
36080,2.029,2.184,2.46
36100,2.012,2.177,2.408
36120,2.043,2.158,2.3480000000000003
36140,2.019,2.1390000000000002,2.353
36160,2.029,2.0909999999999997,2.267
36180,2.0269999999999997,2.112,2.222
36200,2.031,2.0669999999999997,2.21
36220,2.041,2.053,2.189
36240,2.01,2.0580000000000003,2.124
36260,2.0380000000000003,2.024,2.115
36280,2.005,2.05,2.077
36300,2.031,2.046,2.081
36320,2.046,2.01,2.046
36340,2.029,2.053,2.0340000000000003
36360,1.996,2.0340000000000003,2.017
36380,2.0269999999999997,2.065,2.041
36400,2.022,2.055,2.055
36420,2.048,2.0380000000000003,2.053
36440,2.031,2.0269999999999997,2.036
36460,2.012,2.01,2.0340000000000003
36480,2.05,2.0,2.0069999999999997
36500,2.012,2.0380000000000003,2.0269999999999997
36520,2.015,2.029,2.0
36540,2.015,2.012,2.053
36560,2.012,2.036,2.024
36580,2.019,2.031,2.0380000000000003
36600,2.048,2.046,2.029
36620,2.029,2.024,2.003
36640,2.036,2.036,2.01
36660,2.022,2.022,2.0580000000000003
36680,2.0269999999999997,2.0269999999999997,2.0269999999999997
36700,2.036,2.029,2.0380000000000003
36720,2.024,2.024,2.041
36740,2.024,2.029,2.031
36760,2.015,2.036,2.048
36780,2.005,2.036,2.024
36800,2.053,2.036,2.0580000000000003
36820,2.046,2.022,2.029
36840,2.0340000000000003,2.036,2.005
36860,2.031,2.0340000000000003,2.019
36880,1.986,2.0269999999999997,2.036
36900,2.022,2.046,1.993
36920,2.055,2.053,2.019
36940,2.041,2.012,2.005
36960,2.024,2.01,2.0340000000000003
36980,2.0340000000000003,2.06,2.015
37000,2.0340000000000003,2.0340000000000003,2.036
37020,2.048,2.0340000000000003,2.019
37040,2.041,2.05,2.0340000000000003
37060,2.031,2.043,2.046
37080,2.005,2.036,2.029
37100,2.0069999999999997,2.015,2.019
37120,2.022,2.0340000000000003,2.019
37140,2.022,2.0380000000000003,2.0069999999999997
37160,2.0380000000000003,2.029,2.01
37180,2.048,2.019,2.036
37200,2.036,2.019,2.041
37220,2.01,2.043,2.06
37240,2.012,2.005,2.0069999999999997
37260,2.015,2.036,2.06
37280,2.06,2.053,2.05
37300,2.0340000000000003,2.017,2.005
37320,2.0340000000000003,2.029,2.0380000000000003
37340,2.046,2.036,2.0380000000000003
37360,2.031,2.022,2.019
37380,2.053,2.0269999999999997,2.046
37400,1.9980000000000002,2.036,2.0269999999999997
37420,2.024,2.029,2.012
37440,2.029,2.0380000000000003,2.065
37460,2.024,2.019,2.01
37480,1.996,2.0069999999999997,2.0580000000000003
37500,1.9809999999999999,2.019,2.048
37520,2.053,2.041,1.9980000000000002
37540,2.0340000000000003,2.015,1.9980000000000002
